source,target
/templates,/all
/flexicons/outline,/all
/flexicons/duotone,/all
/terms-of-paid-posts,/legal/terms-of-paid-posts
/choosing-right-design-team,/blog/choosing-right-design-team
/xela/react,/templates/xela-react
/_nav_plans,/
/page6223045.html,/
/flexicons,/all
/panda,/templates/panda
/orion,/templates/orion
/orion/pricing,/templates/orion
/orion/_blocks,/templates/orion
/orion/templates,/templates/orion
/material,/templates/material
/material/pricing,/templates/material
/material/_pricing,/templates/material
/material/components,/templates/material
/material/videos,/templates/material
/rome,/templates/rome
/rome/pricing,/templates/rome
/rome/_blocks,/templates/rome
/rome/templates,/templates/rome
/fullios,/templates/full-ios
/fullios/_blocks,/templates/full-ios
/fullios/templates,/templates/full-ios
/system,/templates/react-ui-kit
/system/pricing,/templates/react-ui-kit
/system/templates,/templates/react-ui-kit
/appka,/templates/appka-ios-ui-kit
/appka/_blocks,/templates/appka-ios-ui-kit
/_header_web,/
/desktop/components,/templates/material-desktop
/license,/legal/license
/websystem/_components,/templates/landing
/websystem/mobile,/templates/landing
/web/pricing,/templates/website
/web/fonts,/templates/website
/xela/swift,/templates/xela-swift
/patterns/ios/navigation,/templates/ios-ui-kit
/patterns/ios/settings,/templates/ios-ui-kit
/patterns/ios/_newsletter,/templates/ios-ui-kit
/patterns/ios/_footer,/templates/ios-ui-kit
/patterns/ios/homescreens,/templates/ios-ui-kit
/mobiletemplates,/templates/android-ui-kit
/mobilenew,/templates/android-ui-kit
/icons,/all
/universal-icons,/all
/universal-icons/pricing,/all
/universal-icons/categories,/all
/universal-icons/_blocks,/all
/nucleus,/templates/nucleus-ui
/templates,/all
/charts/patterns,/templates/charts
/fullios/pricing,/templates/full-ios
/system/components,/templates/react-ui-kit
/eclipse/templates,/templates/eclipse
/charts/videos,/templates/charts
/latest-18-resources-boost-efficiency,/blog/latest-18-resources-boost-efficiency
/eclipse/pricing,/templates/eclipse
/charts/pricing,/templates/charts
/eclipse/_blocks,/templates/eclipse
/appka/templates,/templates/appka-ios-ui-kit
/system/_components,/templates/react-ui-kit
/hyper,/templates/hyper-charts
/eclipse,/templates/eclipse
/charts/pro,/templates/charts
/_header_home,/
/appka/pricing,/templates/appka-ios-ui-kit
/charts,/templates/charts
/charts/patterns/distribution,/templates/charts
/charts/patterns/polar,/templates/charts
/most,/templates/most
/ios/components,/templates/ios-ui-kit
/charts/patterns/prediction,/templates/charts
/charts/patterns/ganttproduction,/templates/charts
/charts/patterns/hexbin,/templates/charts
/charts/patterns/matrixcells,/templates/charts
/page12111799.html,/
/oe/pricing,/templates/oe-enterprise
/charts/patterns/sankey,/templates/charts
/charts/patterns/roadmap,/templates/charts
/charts/patterns/scatter,/templates/charts
/oe/templates,/templates/oe-enterprise
/charts/templates,/templates/charts
/charts/patterns/candlestick,/templates/charts
/charts/patterns/treemap,/templates/charts
/charts/patterns/timeline,/templates/charts
/charts/patterns/cohort,/templates/charts
/oe,/templates/oe-enterprise
/ios/pricing,/templates/ios-ui-kit
/charts/patterns/radar,/templates/charts
/charts/features,/templates/charts
/most/_blocks,/templates/most
/charts/patterns/correlation,/templates/charts
/mobilesystem,/templates/android-ui-kit
/oe/components,/templates/oe-enterprise
/ios/templates,/templates/ios-ui-kit
/charts/patterns/bullet,/templates/charts
/ios/videos,/templates/ios-ui-kit
/charts/patterns/sunburst,/templates/charts
/ios,/templates/ios-ui-kit
/freebies/figma-charts,/freebies/chart-cards
/levitate/_blocks,/templates/levitate
/levitate,/templates/levitate
/freebies/accordion-ui,/freebies/accordion-guide
/levitate/pricing,/templates/levitate
/most/templates,/templates/most
/freebies/designsystem,/freebies/design-system-starter
/freebies/date-picker-template,/freebies/calendars-date-picker-templates
/freebies/ecommerce,/freebies/shopping-layout-for-web-app
/freebies/charts-design-widgets,/freebies/charts-widgets-dark-light
/most/pricing,/templates/most
/levitate/templates,/templates/levitate
/page41087029.html,/blog
/freebies/cards,/freebies/responsive-imagery-cards
/freebies/emailtemplates,/freebies/figma-email-templates
/freebies/free-hyper-charts,/freebies/hyper-charts
/freebies/eclipse,/freebies/eclipse-ui-kit
/freebies/_grid,/freebies
/freebies/calendar-template,/freebies/schedule-events-template
/freebies/website,/freebies/website-template
/freebies/panda-design-system,/freebies/panda-dashboard-template
/freebies/rome-ui-kit-free,/freebies/rome-ui-kit-lite
/freebies/mobile-x-free,/freebies/mobile-x-ui-kit
/freebies/iosdatepicker,/freebies/ios-datepickers
/freebies/ios-ui-kit,/freebies/figma-ios-ui-kit
/freebies/material-ui-kit,/freebies/material-ui-styled
/freebies/grids,/freebies/figma-grid-layouts
/freebies/navigation-ui-design,/freebies/navigation-layout-4-samples
/freebies/navigation-templates,/freebies/nav-templates
/freebies/free-landing-page,/freebies/landing-page-web-blocks
/freebies/xela-ui-kit-free,/freebies/xela-ui-kit-starter
/freebies/free-dark-charts,/freebies/dark-charts-ui-kit
/freebies/fonts,/freebies/fonts-playground
/freebies/landing-page-template,/freebies/zeus-ui-free-website-template
/freebies/messenger-app-template,/freebies/messenger-app-desktop-template
/freebies/iostables,/freebies/mobile-tables-several-themes
/freebies/full-ios,/freebies/free-ios-ui-kit
/freebies/material-you-ui-kit,/freebies/material-you-for-web-apps
/freebies/free-mobile-templates,/freebies/12-free-mobile-templates
/freebies/material-x-free,/freebies/material-x-starter
/material-me/_blocks,/templates/material-you
/material-me/pricing,/templates/material-you
/mobile-x/_blocks,/templates/mobile-x
/material-x/templates,/templates/material-x
/mobile-x/pricing,/templates/mobile-x
/material-x/_blocks,/templates/material-x
/desktop,/templates/material-desktop
/material-me,/templates/material-you
/services,/
/s8/mobile,/templates/s8
/s8/pricing,/templates/s8
/neolex,/templates/neolex-dashboard
/desktop/pricing,/templates/material-desktop
/material-x/pricing,/templates/material-x
/material-me/templates,/templates/material-you
/s8/desktop,/templates/s8
/mobile-x/templates,/templates/mobile-x
/neolex/components,/templates/neolex-dashboard
/mobile-x,/templates/mobile-x
/s8/_blocks,/templates/s8
/neolex/templates,/templates/neolex-dashboard
/neolex/pricing,/templates/neolex-dashboard
/videos,/testimonials
/s8,/templates/s8
/desktop/_top_nav_desktop,/templates/material-desktop
/freebies/orion-templates,/freebies/orion-dataviz-templates
/neolex/_components,/templates/neolex-dashboard
/refund,/legal/refunds-policy
/freebies/orion-charts,/freebies/orion-dark-templates
/material-x,/templates/material-x
/material-x/components,/templates/material-x
/patterns/ios/grids,/templates/ios-ui-kit
/websystem,/templates/landing
/desktop/videos,/templates/material-desktop
/zeus/pricing,/templates/zeus
/patterns/ios/cards,/templates/ios-ui-kit
/patterns/ios/inputs,/templates/ios-ui-kit
/webdesign,/templates/zeus
/websystem/pricing,/templates/landing
/web/videos,/templates/website
/desktop/react,/templates/material-desktop
/web/templates,/templates/website
/patterns/ios,/templates/ios-ui-kit
/zeus/templates,/templates/zeus
/zeus/_blocks,/templates/zeus
/patterns/ios/maps,/templates/ios-ui-kit
/xela/flutter,/templates/xela-flutter
/patterns/ios/emptystates,/templates/ios-ui-kit
/web/dark,/templates/website
/xela/ios,/templates/xela-swift
/patterns/ios/comments,/templates/ios-ui-kit
/xela/android,/templates/xela-android
/websystem/desktop,/templates/landing
/xela,/templates/xela
/xela/pricing,/templates/xela
/xela/_blocks,/templates/xela
/web,/templates/website
/patterns/ios/_navigation,/templates/ios-ui-kit
/desktop/dark,/templates/material-desktop
/patterns/ios/filters,/templates/ios-ui-kit
/patterns/ios/datetime,/templates/ios-ui-kit
/zeus,/templates/zeus
/xela/templates,/templates/xela
/patterns/ios/charts,/templates/ios-ui-kit
/oes/_blocks,/templates/ios-ui-kit
/patterns/ios/messages,/templates/ios-ui-kit
/patterns/ios/authentication,/templates/ios-ui-kit
/patterns/ios/pin,/templates/ios-ui-kit
/patterns/ios/profile,/templates/ios-ui-kit
/patterns/ios/tables,/templates/ios-ui-kit
/patterns/ios/popovers,/templates/ios-ui-kit
/patterns/ios/sheets,/templates/ios-ui-kit
/patterns/ios/plans,/templates/ios-ui-kit
/patterns/ios/launch,/templates/ios-ui-kit
/patterns/ios/lists,/templates/ios-ui-kit
/patterns/ios/search,/templates/ios-ui-kit
/patterns/ios/_button,/templates/ios-ui-kit
/figmabundle,/bundle
/blog/button-ui-design/1000,/blog/figma-to-react-buttons
/page38339639.html,/
/flexicons/filled,/
/page33883598.html,/
/page33693815.html,/
/old-home,/home-new
